{"cameraMode":{"drawMode":0,"name":"Shaded","section":"Shading Mode"},"sceneLighting":false,"audioPlay":false,"sceneViewState":{"m_AlwaysRefresh":false,"showFog":true,"showSkybox":false,"showFlares":true,"showImageEffects":true,"showParticleSystems":true,"showVisualEffectGraphs":true,"m_FxEnabled":false},"in2DMode":false,"pivot":{"x":-8.374991416931153,"y":0.33509936928749087,"z":11.343055725097657},"rotation":{"x":-0.016784178093075753,"y":0.983489990234375,"z":-0.11474473774433136,"w":-0.14525243639945985},"size":0.7007535696029663,"orthographic":false}