{"cameraMode":{"drawMode":0,"name":"Shaded","section":"Shading Mode"},"sceneLighting":true,"audioPlay":false,"sceneViewState":{"m_AlwaysRefresh":false,"showFog":true,"showSkybox":true,"showFlares":true,"showImageEffects":true,"showParticleSystems":true,"showVisualEffectGraphs":true,"m_FxEnabled":false},"in2DMode":false,"pivot":{"x":-24.710308074951173,"y":-25.616302490234376,"z":44.07155990600586},"rotation":{"x":0.13872553408145905,"y":0.22921410202980042,"z":-0.03313321992754936,"w":0.9629114270210266},"size":43.095943450927737,"orthographic":false}