{"cameraMode":{"drawMode":2,"name":"Shaded Wireframe","section":"Shading Mode"},"sceneLighting":false,"audioPlay":false,"sceneViewState":{"m_AlwaysRefresh":false,"showFog":true,"showSkybox":false,"showFlares":true,"showImageEffects":true,"showParticleSystems":true,"showVisualEffectGraphs":true,"m_FxEnabled":true},"in2DMode":false,"pivot":{"x":-66.87472534179688,"y":0.6678045988082886,"z":50.887271881103519},"rotation":{"x":0.0003006348561029881,"y":0.9962677955627441,"z":-0.08750680834054947,"w":0.0054300082847476009},"size":0.8660253882408142,"orthographic":false}