{"cameraMode":{"drawMode":0,"name":"Shaded","section":"Shading Mode"},"sceneLighting":false,"audioPlay":false,"sceneViewState":{"m_AlwaysRefresh":false,"showFog":true,"showSkybox":false,"showFlares":true,"showImageEffects":true,"showParticleSystems":true,"showVisualEffectGraphs":true,"m_FxEnabled":true},"in2DMode":false,"pivot":{"x":10.79704761505127,"y":2.7309887409210207,"z":1.2067172527313233},"rotation":{"x":0.02839251607656479,"y":-0.9453997611999512,"z":0.08315031230449677,"w":0.3162141442298889},"size":0.3792424201965332,"orthographic":false}