{"cameraMode":{"drawMode":0,"name":"Shaded","section":"Shading Mode"},"sceneLighting":false,"audioPlay":false,"sceneViewState":{"m_AlwaysRefresh":false,"showFog":true,"showSkybox":false,"showFlares":true,"showImageEffects":true,"showParticleSystems":true,"showVisualEffectGraphs":true,"m_FxEnabled":true},"in2DMode":false,"pivot":{"x":-47.57854461669922,"y":-4.262921333312988,"z":3.0345473289489748},"rotation":{"x":0.07017843425273895,"y":-0.13545794785022736,"z":0.009306234307587147,"w":0.9888337254524231},"size":0.8532408475875855,"orthographic":false}